Entry Time,Symbols,Exit Time,Direction,Entry Price,Exit Price,Quantity,P&L,Fees,MAE,MFE,Drawdown,IsWin,Order Ids
2024-01-02T15:00:00Z,"NVDA  240202P00445000",2024-01-12T15:00:00Z,Sell,4.25,0.51,16,5984,20.8,-4360,6024,4360,1,"	1,12" 
2024-01-03T15:00:00Z,"NVDA  240209P00435000",2024-01-12T15:00:00Z,Sell,5.5,0.68,10,4820,13,-725,4835,725,1,"	2,13" 
2024-01-04T15:00:00Z,"NVDA  240209P00430000",2024-01-11T15:00:00Z,Sell,5.3,0.75,6,2730,11.05,0,2742,30,1,"	3,9" 
2024-01-05T15:00:00Z,"NVDA  240209P00430000",2024-01-11T15:00:00Z,Sell,4.2,0.75,5,1725,3.25,-550,1735,10,1,"	4,9" 
2024-01-08T15:00:00Z,"NVDA  240209P00440000",2024-01-11T15:00:00Z,Sell,3.9,0.98,6,1752,7.8,0,1764,12,1,"	5,10" 
2024-01-09T15:00:00Z,"NVDA  240209P00475000",2024-01-11T15:00:00Z,Sell,4.95,2.77,6,1308,7.8,0,1329,21,1,"	6,8" 
2024-01-10T15:00:00Z,"NVDA  240216P00480000",2024-01-24T15:00:00Z,Sell,6,0.58,4,2168,5.2,0,2174,158,1,"	7,20" 
2024-01-11T15:00:00Z,"GOOGL 240216P00130000",2024-02-02T15:00:00Z,Sell,1.12,0.23,33,2937,42.9,-198,2970,660,1,"	11,26" 
2024-01-16T15:00:00Z,"GOOGL 240223P00130000",2024-02-06T15:00:00Z,Sell,0.97,0.15,44,3608,57.2,-2024,3652,2024,1,"	14,31" 
2024-01-17T15:00:00Z,"NVDA  240223P00505000",2024-01-22T15:00:00Z,Sell,8.85,4.85,7,2800,12.35,-665,2870,665,1,"	15,18" 
2024-01-18T15:00:00Z,"NVDA  240223P00505000",2024-01-22T15:00:00Z,Sell,9.7,4.85,5,2425,3.25,-50,2475,50,1,"	16,18" 
2024-01-19T15:00:00Z,"NVDA  240223P00515000",2024-01-23T15:00:00Z,Sell,9.6,5.5,5,2050,6.5,0,2150,100,1,"	17,19" 
2024-01-25T15:00:00Z,"NVDA  240301P00550000",2024-02-12T15:00:00Z,Sell,9.3,1.45,9,7065,11.7,-612,7128,1350,1,"	21,36" 
2024-01-26T15:00:00Z,"NVDA  240301P00555000",2024-02-15T15:00:00Z,Sell,10.15,1.54,7,6027,9.1,-630,6086.5,1207.5,1,"	22,43" 
2024-01-29T15:00:00Z,"NVDA  240301P00545000",2024-02-12T15:00:00Z,Sell,8.65,1.31,4,2936,5.2,0,2956,550,1,"	23,38" 
2024-01-30T15:00:00Z,"NVDA  240301P00560000",2024-02-12T15:00:00Z,Sell,8.75,1.78,4,2788,5.2,-720,2804,760,1,"	24,37" 
2024-01-31T15:00:00Z,"NVDA  240308P00560000",2024-02-12T15:00:00Z,Sell,9.95,2.5,3,2235,3.9,-697.5,2256,697.5,1,"	25,39" 
2024-02-02T15:00:00Z,"AMZN  240308P00145000",2024-02-05T15:00:00Z,Sell,1.67,0.24,16,2288,20.8,0,2320,32,1,"	27,28" 
2024-02-05T15:00:00Z,"AMZN  240322P00155000",2024-02-28T15:00:00Z,Sell,1.01,0.35,16,1056,32.5,-384,1080,1056,1,"	29,58" 
2024-02-05T15:00:00Z,"AMZN  240308P00155000",2024-03-09T05:00:00Z,Sell,0.59,0,13,767,8.45,-182,767,539.5,1,"	30,69" 
2024-02-06T15:00:00Z,"AMZN  240308P00155000",2024-03-09T05:00:00Z,Sell,0.62,0,21,1302,13.65,-231,1302,871.5,1,"	32,69" 
2024-02-07T15:00:00Z,"META  240315P00410000",2024-02-28T15:00:00Z,Sell,2.43,0.23,5,1100,6.5,0,1105,367.5,1,"	33,57" 
2024-02-08T15:00:00Z,"META  240315P00425000",2024-02-29T15:00:00Z,Sell,2.56,0.46,4,840,7.15,-436,856,546,1,"	34,61" 
2024-02-09T15:00:00Z,"META  240315P00425000",2024-02-29T15:00:00Z,Sell,2.53,0.46,3,621,1.95,-336,633,409.5,1,"	35,61" 
2024-02-12T15:00:00Z,"META  240315P00420000",2024-02-26T15:00:00Z,Sell,1.9,0.6,10,1300,13,-1000,1340,1070,1,"	40,51" 
2024-02-13T15:00:00Z,"AMZN  240315P00155000",2024-02-26T15:00:00Z,Sell,0.56,0.24,19,608,24.7,-836,627,836,1,"	41,52" 
2024-02-14T15:00:00Z,"AMZN  240322P00150000",2024-02-27T15:00:00Z,Sell,0.71,0.22,7,343,9.1,0,350,171.5,1,"	42,55" 
2024-02-15T15:00:00Z,"AMZN  240322P00155000",2024-02-28T15:00:00Z,Sell,0.78,0.35,18,774,11.7,-846,801,846,1,"	44,58" 
2024-02-16T15:00:00Z,"NVDA  240322P00650000",2024-02-23T15:00:00Z,Sell,20.75,3.75,3,5100,3.9,-3576,5151,3702,1,"	45,48" 
2024-02-21T15:00:00Z,"META  240328P00425000",2024-02-27T15:00:00Z,Sell,3.2,1.7,1,150,2,-37,159,37,1,"	46,54" 
2024-02-22T15:00:00Z,"META  240328P00420000",2024-02-23T15:00:00Z,Sell,2.86,1.55,1,131,2,0,141,10,1,"	47,49" 
2024-02-23T15:00:00Z,"META  240328P00440000",2024-02-28T15:00:00Z,Sell,3.1,2.34,6,456,13,0,483,39,1,"	50,59" 
2024-02-26T15:00:00Z,"META  240328P00440000",2024-02-28T15:00:00Z,Sell,3,2.34,8,528,5.2,-80,564,52,1,"	53,59" 
2024-02-27T15:00:00Z,"NVDA  240405P00715000",2024-03-26T14:00:00Z,Sell,15,0.27,4,5892,8.45,-80,5908,1510,1,"	56,91" 
2024-02-28T15:00:00Z,"NVDA  240405P00710000",2024-03-20T14:00:00Z,Sell,12.6,0.9,8,9360,10.4,-1060,9480,2800,1,"	60,77" 
2024-02-29T15:00:00Z,"NVDA  240405P00705000",2024-03-19T14:00:00Z,Sell,12.5,2.52,6,5988,7.8,0,6051,2106,1,"	62,75" 
2024-03-01T15:00:00Z,"NVDA  240405P00715000",2024-03-26T14:00:00Z,Sell,10.65,0.27,5,5190,3.25,-2275,5210,1887.5,1,"	63,91" 
2024-03-04T15:00:00Z,"META  240405P00455000",2024-03-25T14:00:00Z,Sell,2.71,0.38,8,1864,14.3,-2592,1888,3168,1,"	64,87" 
2024-03-05T15:00:00Z,"META  240405P00455000",2024-03-25T14:00:00Z,Sell,3.1,0.38,6,1632,3.9,-1710,1650,2376,1,"	65,87" 
2024-03-06T15:00:00Z,"META  240412P00445000",2024-03-22T14:00:00Z,Sell,4.05,0.78,3,981,3.9,-322.5,993,951,1,"	66,84" 
2024-03-07T15:00:00Z,"META  240412P00450000",2024-03-25T14:00:00Z,Sell,3.55,0.72,3,849,3.9,-810,867,1167,1,"	67,88" 
2024-03-08T15:00:00Z,"NVDA  240412P00835000",2024-03-25T14:00:00Z,Sell,22.25,7.3,2,2990,2.6,-4756,3025,4756,1,"	68,89" 
2024-03-12T14:00:00Z,"NVDA  240412P00775000",2024-03-21T14:00:00Z,Sell,20.65,4.2,1,1645,2,0,1660,450,1,"	70,81" 
2024-03-13T14:00:00Z,"NVDA  240419P00830000",2024-04-19T20:00:00Z,Sell,28.75,0,2,5750,1.3,-8015,5750,13371,0,"	71,112" 
2024-03-14T14:00:00Z,"META  240419P00450000",2024-03-22T14:00:00Z,Sell,4.45,1.51,2,588,2.6,-280,594,280,1,"	72,83" 
2024-03-19T14:00:00Z,"NVDA  240419P00800000",2024-03-20T14:00:00Z,Sell,22.15,14.4,2,1550,2.6,0,1590,40,1,"	76,78" 
2024-03-20T14:00:00Z,"NVDA  240426P00810000",2024-03-21T14:00:00Z,Sell,20.15,15.8,4,1740,5.2,0,1870,130,1,"	79,80" 
2024-03-21T14:00:00Z,"NVDA  240426P00820000",2024-03-22T14:00:00Z,Sell,17.6,16,5,800,6.5,0,1085,285,1,"	82,85" 
2024-03-22T14:00:00Z,"MSFT  240426P00385000",2024-04-16T14:00:00Z,Sell,1.31,2.38,13,-1391,17.55,-1391,1053,2444,0,"	86,107" 
2024-03-25T14:00:00Z,"MSFT  240426P00385000",2024-04-16T14:00:00Z,Sell,0.7,2.38,1,-168,11.05,-168,20,188,0,"	90,107" 
2024-03-25T14:00:00Z,"MSFT  240426P00385000",2024-04-19T14:00:00Z,Sell,0.7,3.45,9,-2475,5.85,-2475,180,2655,0,"	90,111" 
2024-03-25T14:00:00Z,"MSFT  240426P00385000",2024-04-27T04:00:00Z,Sell,0.7,0,7,490,0,-3080,490,3220,1,"	90,122" 
2024-03-26T14:00:00Z,"MSFT  240426P00380000",2024-04-22T14:00:00Z,Sell,1.1,3.3,16,-3520,20.8,-3520,1104,4624,0,"	92,116" 
2024-03-27T14:00:00Z,"MSFT  240503P00380000",2024-05-04T04:00:00Z,Sell,1.82,0,11,2002,7.15,-3773,2002,4620,1,"	93,133" 
2024-03-28T14:00:00Z,"AMZN  240503P00160000",2024-05-04T04:00:00Z,Sell,1.36,0,18,2448,11.7,-1350,2448,2790,1,"	94,131" 
2024-04-01T14:00:00Z,"AMZN  240503P00165000",2024-05-04T04:00:00Z,Sell,2.16,0,13,2808,8.45,-1651,2808,3250,1,"	95,132" 
2024-04-02T14:00:00Z,"AMZN  240503P00165000",2024-05-04T04:00:00Z,Sell,1.78,0,12,2136,7.8,-1980,2136,3000,1,"	96,132" 
2024-04-03T14:00:00Z,"GOOGL 240510P00138000",2024-04-29T14:00:00Z,Sell,1.08,0.05,6,618,6.4,-453,624,579,1,"	97,126" 
2024-04-04T14:00:00Z,"GOOGL 240510P00138000",2024-04-29T14:00:00Z,Sell,0.87,0.05,4,328,2.6,-386,332,386,1,"	98,126" 
2024-04-08T14:00:00Z,"GOOGL 240510P00136000",2024-04-29T14:00:00Z,Sell,0.98,0.09,9,801,8.1,0,832.5,396,1,"	100,124" 
2024-04-09T14:00:00Z,"META  240510P00470000",2024-05-11T04:00:00Z,Sell,9.4,0,1,940,1,-3092.5,940,3272.5,1,"	101,140" 
2024-04-10T14:00:00Z,"META  240517P00465000",2024-05-18T04:00:00Z,Sell,9.25,0,1,925,1,-2735,925,2902,1,"	102,147" 
2024-04-11T14:00:00Z,"META  240517P00470000",2024-04-22T14:00:00Z,Sell,9.8,22.05,1,-1225,2.95,-1225,110,1335,0,"	103,115" 
2024-04-12T14:00:00Z,"META  240517P00470000",2024-04-22T14:00:00Z,Sell,8.7,22.05,2,-2670,1.3,-2670,0,2670,0,"	104,115" 
2024-04-17T14:00:00Z,"GOOGL 240524P00140000",2024-04-29T14:00:00Z,Sell,1.75,0.25,2,300,7.8,-49,316,127,1,"	108,125" 
2024-04-19T20:00:00Z,"NVDA",2024-05-20T10:30:00Z,Buy,830,870,200,800000,0,-696400,2326000,1526000,1,"	112,148" 
2024-04-23T14:00:00Z,"GOOGL 240524P00140000",2024-04-29T14:00:00Z,Sell,1.41,0.25,8,928,5.2,-468,992,508,1,"	118,125" 
2024-04-23T14:00:00Z,"NVDA  240524C00870000",2024-05-20T10:30:00Z,Sell,31.85,0,2,6370,1.3,-12230,6370,12304,0,"	117,148" 
2024-04-24T14:00:00Z,"GOOGL 240531P00140000",2024-04-29T14:00:00Z,Sell,1.24,0.27,12,1164,15.6,-480,1224,588,1,"	119,123" 
2024-04-25T14:00:00Z,"GOOGL 240531P00145000",2024-05-07T14:00:00Z,Sell,1.63,0.28,6,810,7.8,-516,828,516,1,"	120,135" 
2024-04-29T14:00:00Z,"GOOGL 240531P00155000",2024-05-16T14:00:00Z,Sell,0.76,0.15,22,1342,28.6,-2915,1364,2915,1,"	127,144" 
2024-04-30T14:00:00Z,"TSLA  240531P00175000",2024-06-01T04:00:00Z,Sell,4.25,0,12,5100,7.8,-6660,5100,6840,1,"	128,162" 
2024-05-02T14:00:00Z,"TSLA  240607P00165000",2024-06-08T04:00:00Z,Sell,4.05,0,5,2025,3.25,-712.5,2025,1507.5,1,"	129,164" 
2024-05-03T14:00:00Z,"TSLA  240607P00165000",2024-06-08T04:00:00Z,Sell,3.8,0,7,2660,4.55,-1172.5,2660,2110.5,1,"	130,164" 
2024-05-06T14:00:00Z,"TSLA  240607P00165000",2024-06-08T04:00:00Z,Sell,3.3,0,26,8580,16.9,-5655,8580,7839,1,"	134,164" 
2024-05-07T14:00:00Z,"NVDA  240607P00835000",2024-05-24T14:00:00Z,Sell,26,0.72,4,10112,5.2,-3170,10128,3170,1,"	136,154" 
2024-05-08T14:00:00Z,"NVDA  240614P00825000",2024-05-24T14:00:00Z,Sell,29.75,1.19,2,5712,2.6,-1304,5723,1304,1,"	137,157" 
2024-05-09T14:00:00Z,"NVDA  240614P00820000",2024-05-24T14:00:00Z,Sell,27.85,1.14,1,2671,2,-612,2679,612,1,"	138,158" 
2024-05-14T14:00:00Z,"TSLA  240621P00156670",2024-06-22T04:00:00Z,Sell,3.3,0,2,660,1.3,0,660,252,1,"	142,174" 
2024-05-15T14:00:00Z,"TSLA  240621P00160000",2024-06-22T04:00:00Z,Sell,2.89,0,10,2890,6.5,-560,2890,1710,1,"	143,175" 
2024-05-16T14:00:00Z,"TSLA  240621P00156670",2024-06-22T04:00:00Z,Sell,2.66,0,12,3192,7.8,-768,3192,1512,1,"	145,174" 
2024-05-17T14:00:00Z,"NVDA  240621P00855000",2024-05-24T14:00:00Z,Sell,24.1,2.4,1,2170,2,-562.5,2175.5,562.5,1,"	146,153" 
2024-05-20T14:00:00Z,"NVDA  240621P00835000",2024-05-24T14:00:00Z,Sell,23.2,1.82,5,10690,6.5,0,10715,902.5,1,"	149,156" 
2024-05-21T14:00:00Z,"NVDA  240621P00860000",2024-05-24T14:00:00Z,Sell,21.95,2.59,3,5808,3.9,0,5824.5,600,1,"	150,155" 
2024-05-22T14:00:00Z,"TSLA  240628P00170000",2024-06-18T14:00:00Z,Sell,2.7,0.93,25,4425,32.5,-12125,4475,12125,1,"	151,168" 
2024-05-23T14:00:00Z,"TSLA  240628P00165000",2024-06-29T04:00:00Z,Sell,3.3,0,8,2640,5.2,-1680,2640,1824,1,"	152,183" 
2024-05-24T14:00:00Z,"TSLA  240628P00160000",2024-06-18T14:00:00Z,Sell,3.75,0.36,20,6780,26,0,6810,3320,1,"	159,169" 
2024-05-28T14:00:00Z,"META  240628P00435000",2024-06-11T14:00:00Z,Sell,2.25,0.44,10,1810,13,-2000,1830,2125,1,"	160,165" 
2024-05-29T14:00:00Z,"META  240705P00435000",2024-06-18T14:00:00Z,Sell,2.25,0.35,5,950,6.5,-2145,975,2145,1,"	161,170" 
2024-06-04T14:00:00Z,"GOOGL 240712P00160000",2024-06-24T14:00:00Z,Sell,1.01,0.18,17,1411,22.1,-238,1479,331.5,1,"	163,176" 
2024-06-14T14:00:00Z,"MSFT  240719P00395000",2024-07-03T14:00:00Z,Sell,0.6,0.12,18,864,20.7,-54,900,180,1,"	166,190" 
2024-06-17T14:00:00Z,"MSFT  240719P00400000",2024-06-28T14:00:00Z,Sell,0.71,0.22,12,588,13.8,0,666,276,1,"	167,181" 
2024-06-18T14:00:00Z,"MSFT  240719P00405000",2024-07-02T14:00:00Z,Sell,0.24,0.18,18,108,23.4,-801,162,801,1,"	171,187" 
2024-06-20T14:00:00Z,"TSLA  240726P00170000",2024-07-02T14:00:00Z,Sell,5.35,1.12,31,13113,40.3,-2325,13376.5,2325,1,"	172,186" 
2024-06-21T14:00:00Z,"TSLA  240726P00165000",2024-07-05T14:00:00Z,Sell,4.35,0.31,18,7272,39.65,0,7317,45,1,"	173,192" 
2024-06-24T14:00:00Z,"TSLA  240726P00165000",2024-07-05T14:00:00Z,Sell,3.95,0.31,25,9100,16.25,-1000,9162.5,62.5,1,"	177,192" 
2024-06-25T14:00:00Z,"AAPL  240726P00185000",2024-07-12T14:00:00Z,Sell,0.29,0.05,14,336,12.6,0,350,56,1,"	178,201" 
2024-06-26T14:00:00Z,"AAPL  240802P00185000",2024-07-09T14:00:00Z,Sell,0.53,0.16,17,629,19.55,0,697,153,1,"	179,195" 
2024-06-27T14:00:00Z,"AAPL  240802P00190000",2024-07-10T14:00:00Z,Sell,0.6,0.21,16,624,20.8,-272,688,352,1,"	180,197" 
2024-06-28T14:00:00Z,"TSLA  240802P00180000",2024-07-02T14:00:00Z,Sell,5.1,2.9,20,4400,34.45,0,4630,230,1,"	182,185" 
2024-07-01T14:00:00Z,"TSLA  240802P00180000",2024-07-02T14:00:00Z,Sell,4.7,2.9,13,2340,8.45,-520,2489.5,149.5,1,"	184,185" 
2024-07-02T14:00:00Z,"TSLA  240802P00190000",2024-07-03T14:00:00Z,Sell,4.5,2.18,40,9280,52,0,9540,260,1,"	188,189" 
2024-07-03T14:00:00Z,"AAPL  240809P00200000",2024-07-11T14:00:00Z,Sell,0.86,0.43,48,2064,90.35,-48,2208,144,1,"	191,199" 
2024-07-05T14:00:00Z,"AAPL  240809P00200000",2024-07-11T14:00:00Z,Sell,0.79,0.43,43,1548,27.95,-344,1677,129,1,"	193,199" 
2024-07-08T14:00:00Z,"AAPL  240809P00205000",2024-08-06T14:00:00Z,Sell,0.89,3.35,34,-8364,51.35,-8364,1802,10166,0,"	194,229" 
2024-07-09T14:00:00Z,"AAPL  240809P00205000",2024-08-06T14:00:00Z,Sell,0.71,3.35,11,-2904,18.85,-2904,385,3289,0,"	196,229" 
2024-07-09T14:00:00Z,"AAPL  240809P00205000",2024-08-10T04:00:00Z,Sell,0.71,0,18,1278,0,-4752,1278,5382,1,"	196,233" 
2024-07-10T14:00:00Z,"NVDA  240816P00119500",2024-07-18T14:00:00Z,Sell,2.96,7.65,43,-20167,55.9,-20167,3397,23564,0,"	198,208" 
2024-07-11T14:00:00Z,"NVDA  240816P00122000",2024-07-18T14:00:00Z,Sell,2.73,9.1,70,-44590,91,-44590,0,44590,0,"	200,207" 
2024-07-12T14:00:00Z,"NVDA  240816P00115500",2024-07-25T14:00:00Z,Sell,3.05,6.75,26,-9620,33.8,-9620,1716,11336,0,"	202,216" 
2024-07-15T14:00:00Z,"NVDA  240816P00117500",2024-07-25T14:00:00Z,Sell,3,7.75,30,-14250,39,-14250,315,14565,0,"	203,215" 
2024-07-16T14:00:00Z,"NVDA  240816P00116500",2024-08-06T14:00:00Z,Sell,2.61,19.3,17,-28373,22.1,-28373,0,28373,0,"	204,226" 
2024-07-17T14:00:00Z,"TSLA  240823P00230000",2024-08-19T10:30:00Z,Sell,7.7,0,1,770,1,-3102.5,770,3102.5,0,"	205,241" 
2024-07-19T14:00:00Z,"TSLA  240823P00225000",2024-07-25T14:00:00Z,Sell,7.75,17.3,15,-14325,19.5,-14325,1275,15600,0,"	209,214" 
2024-07-22T14:00:00Z,"TSLA  240823P00215000",2024-08-24T04:00:00Z,Sell,6.75,0,4,2700,2.6,-7360,2700,8370,1,"	210,253" 
2024-07-23T14:00:00Z,"NVDA  240823P00112000",2024-08-02T14:00:00Z,Sell,2.39,8,25,-14025,33.8,-21900,0,21900,0,"	211,223" 
2024-07-23T14:00:00Z,"NVDA  240823P00112000",2024-08-24T04:00:00Z,Sell,2.39,0,2,478,0,-2492,478,2492,1,"	211,252" 
2024-07-24T14:00:00Z,"NVDA  240830P00111000",2024-08-06T14:00:00Z,Sell,4.45,16.1,14,-16310,18.2,-16730,0,16730,0,"	212,228" 
2024-07-26T14:00:00Z,"TSLA  240830P00200000",2024-08-31T04:00:00Z,Sell,5.2,0,3,1560,1.95,-3114,1560,3985.5,1,"	217,262" 
2024-07-29T14:00:00Z,"TSLA  240830P00200000",2024-08-31T04:00:00Z,Sell,4.7,0,4,1880,2.6,-4352,1880,5314,1,"	218,262" 
2024-07-30T14:00:00Z,"TSLA  240830P00210000",2024-08-31T04:00:00Z,Sell,4.6,0,4,1840,2.6,-6980,1840,7200,1,"	219,263" 
2024-08-01T14:00:00Z,"TSLA  240906P00210000",2024-08-06T14:00:00Z,Sell,4.5,21.05,11,-18205,14.3,-18370,0,18370,0,"	221,227" 
2024-08-07T14:00:00Z,"META  240913P00450000",2024-08-15T14:00:00Z,Sell,8.5,1.77,10,6730,13,-1725,6830,1725,1,"	230,238" 
2024-08-08T14:00:00Z,"META  240913P00445000",2024-08-15T14:00:00Z,Sell,7.9,1.59,5,3155,6.5,0,3260,105,1,"	231,237" 
2024-08-09T14:00:00Z,"META  240913P00465000",2024-08-21T14:00:00Z,Sell,7,1.43,7,3899,9.1,0,3993.5,196,1,"	232,247" 
2024-08-12T14:00:00Z,"META  240913P00470000",2024-08-20T14:00:00Z,Sell,5.85,1.57,8,3424,10.4,0,3468,340,1,"	234,244" 
2024-08-13T14:00:00Z,"NVDA  240913P00100000",2024-09-14T04:00:00Z,Sell,4.55,0,28,12740,18.2,0,12740,5544,1,"	235,275" 
2024-08-14T14:00:00Z,"NVDA  240920P00105000",2024-09-21T04:00:00Z,Sell,4.5,0,31,13950,20.15,-3968,13950,15267.5,1,"	236,285" 
2024-08-15T14:00:00Z,"NVDA  240920P00107000",2024-09-03T14:00:00Z,Sell,4.35,1.4,34,10030,44.2,0,10778,5287,1,"	239,264" 
2024-08-16T14:00:00Z,"NVDA  240920P00112000",2024-09-09T14:00:00Z,Sell,4.2,12.2,30,-24000,41.6,-24000,6000,30000,0,"	240,271" 
2024-08-16T14:00:00Z,"NVDA  240920P00112000",2024-09-21T04:00:00Z,Sell,4.2,0,4,1680,0,-3200,1680,4000,1,"	240,286" 
2024-08-19T10:30:00Z,"TSLA",2024-09-19T20:00:00Z,Buy,230,230,100,0,0,-242500,139200,242500,0,"	241,282" 
2024-08-19T14:00:00Z,"NVDA  240920P00113000",2024-08-20T14:00:00Z,Sell,4.15,2.98,23,2691,29.9,0,2794.5,103.5,1,"	243,245" 
2024-08-19T14:00:00Z,"TSLA  240920C00230000",2024-09-19T20:00:00Z,Sell,8.1,0,1,810,1,-605,810,1172,0,"	242,282" 
2024-08-20T14:00:00Z,"NVDA  240920P00118000",2024-08-22T14:00:00Z,Sell,4.2,4.8,38,-2280,49.4,-4465,0,4465,0,"	246,249" 
2024-08-21T14:00:00Z,"NVDA  240927P00115000",2024-08-30T14:00:00Z,Sell,4.8,5.35,25,-1375,32.5,-3875,1500,5187.5,0,"	248,260" 
2024-08-22T14:00:00Z,"NVDA  240927P00116000",2024-09-04T14:00:00Z,Sell,4.45,11.2,19,-12825,36.4,-12825,712.5,13537.5,0,"	250,268" 
2024-08-22T14:00:00Z,"NVDA  240927P00116000",2024-09-09T14:00:00Z,Sell,4.45,14.65,18,-18360,11.7,-18360,675,19035,0,"	250,272" 
2024-08-23T14:00:00Z,"NVDA  240927P00112000",2024-08-26T14:00:00Z,Sell,5.1,3.5,2,320,2.6,0,335,15,1,"	251,254" 
2024-08-26T14:00:00Z,"NVDA  240927P00117000",2024-08-28T14:00:00Z,Sell,4.8,5,27,-540,35.1,-3375,0,3375,0,"	255,257" 
2024-08-27T14:00:00Z,"NVDA  240927P00114000",2024-09-03T14:00:00Z,Sell,4.85,3.6,6,750,7.8,-495,1050,1020,1,"	256,265" 
2024-08-28T14:00:00Z,"AMZN  241004P00155000",2024-09-16T14:00:00Z,Sell,0.93,0.17,16,1216,26.65,-656,1248,1392,1,"	258,276" 
2024-08-29T14:00:00Z,"AMZN  241004P00155000",2024-09-16T14:00:00Z,Sell,1.2,0.17,5,515,3.25,-70,525,435,1,"	259,276" 
2024-08-30T14:00:00Z,"AMZN  241004P00155000",2024-09-16T14:00:00Z,Sell,0.91,0.17,4,296,2.6,-172,304,348,1,"	261,276" 
2024-09-03T14:00:00Z,"TSLA  241004P00195000",2024-09-24T14:00:00Z,Sell,4.8,0.35,21,9345,27.3,-3990,9366,7812,1,"	266,289" 
2024-09-05T14:00:00Z,"TSLA  241011P00200000",2024-10-02T14:00:00Z,Sell,7,0.55,1,645,2,-377.5,647,537.5,1,"	269,306" 
2024-09-06T14:00:00Z,"TSLA  241011P00210000",2024-10-12T04:00:00Z,Sell,8,0,2,1600,1.3,-1400,1600,1400,1,"	270,317" 
2024-09-12T14:00:00Z,"TSLA  241018P00205000",2024-09-25T14:00:00Z,Sell,8.1,2.54,24,13344,33.8,0,13428,960,1,"	273,291" 
2024-09-13T14:00:00Z,"TSLA  241018P00210000",2024-09-20T14:00:00Z,Sell,8.85,4.6,17,7225,29.9,-127.5,7310,722.5,1,"	274,283" 
2024-09-16T14:00:00Z,"TSLA  241018P00210000",2024-09-20T14:00:00Z,Sell,8.5,4.6,12,4680,7.8,-510,4740,510,1,"	278,283" 
2024-09-16T14:00:00Z,"AMZN  241101P00170000",2024-11-02T04:00:00Z,Sell,3.15,0,25,7875,16.25,-625,7875,5212.5,1,"	277,334" 
2024-09-17T14:00:00Z,"TSLA  241018P00205000",2024-09-25T14:00:00Z,Sell,7.25,2.54,4,1884,2.6,-340,1898,160,1,"	279,291" 
2024-09-18T14:00:00Z,"TSLA  241025P00205000",2024-09-23T14:00:00Z,Sell,8.35,5.75,5,1300,7.8,-12.5,1625,325,1,"	280,287" 
2024-09-19T14:00:00Z,"TSLA  241025P00205000",2024-09-23T14:00:00Z,Sell,7.9,5.75,2,430,1.3,-95,560,130,1,"	281,287" 
2024-09-20T14:00:00Z,"META  241025P00505000",2024-10-07T14:00:00Z,Sell,4.65,0.98,9,3303,18.2,0,3438,423,1,"	284,310" 
2024-09-23T14:00:00Z,"META  241025P00505000",2024-10-07T14:00:00Z,Sell,4.35,0.98,10,3370,6.5,-300,3520,470,1,"	288,310" 
2024-09-24T14:00:00Z,"META  241025P00510000",2024-10-09T14:00:00Z,Sell,4.2,0.97,9,2907,11.7,-90,3114,207,1,"	290,313" 
2024-09-25T14:00:00Z,"TSLA  241101P00230000",2024-09-26T14:00:00Z,Sell,10.3,9.8,22,1100,28.6,0,1320,220,1,"	292,293" 
2024-09-26T14:00:00Z,"TSLA  241101P00235000",2024-09-27T14:00:00Z,Sell,11.3,12.55,23,-2875,29.9,-2921,0,2921,0,"	294,295" 
2024-09-27T14:00:00Z,"TSLA  241101P00230000",2024-09-30T14:00:00Z,Sell,10.55,9.7,23,1955,29.9,0,2300,345,1,"	296,297" 
2024-09-30T14:00:00Z,"TSLA  241115P00235000",2024-09-30T14:00:00Z,Sell,13.25,13.4,23,-345,29.9,-345,0,345,0,"	298,299" 
2024-09-30T14:00:00Z,"TSLA  241115P00235000",2024-10-01T14:00:00Z,Sell,13.25,12.15,23,2530,29.9,0,2875,345,1,"	300,302" 
2024-09-30T14:00:00Z,"TSLA  241101P00235000",2024-10-01T14:00:00Z,Sell,11.15,9.95,13,1560,16.9,0,1722.5,162.5,1,"	301,303" 
2024-10-01T14:00:00Z,"TSLA  241101P00235000",2024-10-02T14:00:00Z,Sell,9.7,10.75,23,-2415,29.9,-2415,0,2415,0,"	304,305" 
2024-10-02T14:00:00Z,"TSLA  241108P00235000",2024-10-24T14:00:00Z,Sell,11.4,26.55,12,-18180,22.75,-18180,0,18180,0,"	307,327" 
2024-10-02T14:00:00Z,"TSLA  241108P00235000",2024-10-30T14:00:00Z,Sell,11.4,2.29,11,10021,7.15,-16665,10208,16665,1,"	307,330" 
2024-10-03T14:00:00Z,"GOOGL 241108P00150000",2024-11-09T05:00:00Z,Sell,1.42,0,17,2414,11.05,-1190,2414,1377,1,"	308,346" 
2024-10-04T14:00:00Z,"GOOGL 241108P00150000",2024-11-09T05:00:00Z,Sell,1.33,0,6,798,3.9,-474,798,486,1,"	309,346" 
2024-10-07T14:00:00Z,"META  241122P00535000",2024-11-08T15:00:00Z,Sell,11.2,0.82,19,19722,24.7,-10260,19760,10545,1,"	311,344" 
2024-10-09T14:00:00Z,"NVDA  241115P00120000",2024-11-06T15:00:00Z,Sell,3.15,0.35,11,3080,16.9,0,3085.5,1633.5,1,"	314,338" 
2024-10-10T14:00:00Z,"NVDA  241115P00120000",2024-11-06T15:00:00Z,Sell,3,0.35,4,1060,2.6,-60,1062,594,1,"	315,338" 
2024-10-11T14:00:00Z,"NVDA  241115P00122000",2024-11-05T15:00:00Z,Sell,3.1,0.8,1,230,2,-60,232,176,1,"	316,336" 
2024-10-15T14:00:00Z,"NVDA  241115P00124000",2024-11-16T05:00:00Z,Sell,2.32,0,2,464,1.3,-391,464,391,1,"	319,357" 
2024-10-23T14:00:00Z,"NVDA  241129P00129000",2024-11-22T15:00:00Z,Sell,4.5,0.19,1,431,2,-254,431.5,299,1,"	325,363" 
2024-10-28T14:00:00Z,"TSLA  241129P00245000",2024-11-13T15:00:00Z,Sell,7.75,0.63,11,7832,14.3,-7425,7854,7480,1,"	328,352" 
2024-10-29T14:00:00Z,"TSLA  241129P00240000",2024-11-08T15:00:00Z,Sell,6.8,0.97,8,4664,10.4,-4140,4696,4164,1,"	329,343" 
2024-10-30T14:00:00Z,"TSLA  241206P00235000",2024-11-08T15:00:00Z,Sell,6.45,1.28,13,6721,16.9,-6110,6799,6110,1,"	331,341" 
2024-10-31T14:00:00Z,"NVDA  241206P00125000",2024-11-25T15:00:00Z,Sell,4,0.41,14,5026,18.2,-2800,5124,2800,1,"	332,365" 
2024-11-04T15:00:00Z,"NVDA  241206P00123000",2024-11-22T15:00:00Z,Sell,4.35,0.3,5,2025,6.5,0,2035,572.5,1,"	335,362" 
2024-11-06T15:00:00Z,"AMZN  241213P00180000",2024-12-04T15:00:00Z,Sell,1.21,0.07,10,1140,11.5,0,1145,625,1,"	339,389" 
2024-11-07T15:00:00Z,"TSLA  241213P00260000",2024-11-08T15:00:00Z,Sell,6.85,5.15,15,2550,19.5,0,3487.5,937.5,1,"	340,342" 
2024-11-08T15:00:00Z,"TSLA  241213P00270000",2024-11-11T15:00:00Z,Sell,6.25,4.85,34,4760,44.2,0,5270,510,1,"	345,347" 
2024-11-11T15:00:00Z,"TSLA  241213P00290000",2024-11-12T15:00:00Z,Sell,9.2,5.65,22,7810,28.6,0,8085,275,1,"	349,350" 
2024-11-11T15:00:00Z,"TSLA  241227P00290000",2024-12-04T15:00:00Z,Sell,11.2,1.25,34,33830,44.2,-3740,33932,17085,1,"	348,390" 
2024-11-12T15:00:00Z,"TSLA  241213P00315000",2024-11-15T15:00:00Z,Sell,11.35,21.25,12,-11880,23.4,-11880,0,11880,0,"	351,356" 
2024-11-12T15:00:00Z,"TSLA  241213P00315000",2024-12-04T15:00:00Z,Sell,11.35,1.23,12,12144,7.8,-11880,12168,11880,1,"	351,387" 
2024-11-13T15:00:00Z,"TSLA  241220P00295000",2024-12-03T15:00:00Z,Sell,9.75,1.15,13,11180,16.9,-4680,11219,5492.5,1,"	353,385" 
2024-11-14T15:00:00Z,"TSLA  241220P00300000",2024-12-02T15:00:00Z,Sell,10.6,2.42,10,8180,13,-4900,8200,4900,1,"	354,378" 
2024-11-18T15:00:00Z,"TSLA  241220P00290000",2024-12-06T15:00:00Z,Sell,9.2,0.45,6,5250,7.8,0,5259,120,1,"	358,394" 
2024-11-19T15:00:00Z,"TSLA  241220P00305000",2024-12-02T15:00:00Z,Sell,9.55,3.05,14,9100,18.2,0,9135,875,1,"	359,374" 
2024-11-20T15:00:00Z,"TSLA  241227P00310000",2024-12-03T15:00:00Z,Sell,10.65,3.25,12,8880,15.6,-450,8940,1020,1,"	360,382" 
2024-11-21T15:00:00Z,"AMZN  241227P00185000",2024-11-29T15:00:00Z,Sell,1.43,0.68,11,825,14.3,-869,913,869,1,"	361,370" 
2024-11-22T15:00:00Z,"AMZN  241227P00180000",2024-11-27T15:00:00Z,Sell,1.43,0.43,8,800,10.4,0,812,12,1,"	364,368" 
2024-11-25T15:00:00Z,"AMZN  241227P00175000",2024-12-02T15:00:00Z,Sell,0.9,0.31,17,1003,22.1,0,1054,51,1,"	366,376" 
2024-11-26T15:00:00Z,"TSLA  241227P00305000",2024-12-03T15:00:00Z,Sell,7.5,2.61,5,2445,6.5,0,2470,42.5,1,"	367,383" 
2024-11-27T15:00:00Z,"TSLA  250103P00305000",2024-12-02T15:00:00Z,Sell,8,6.2,7,1260,9.1,-903,1365,903,1,"	369,372" 
2024-11-29T15:00:00Z,"TSLA  250103P00300000",2024-12-04T15:00:00Z,Sell,7.45,3.6,4,1540,5.2,0,1570,30,1,"	371,388" 
2024-12-02T15:00:00Z,"TSLA  250117P00310000",2024-12-03T15:00:00Z,Sell,10.2,8.2,7,1400,24.7,0,1435,35,1,"	373,381" 
2024-12-02T15:00:00Z,"TSLA  250117P00310000",2024-12-03T15:00:00Z,Sell,10.2,8.2,14,2800,9.1,0,2870,70,1,"	375,381" 
2024-12-02T15:00:00Z,"TSLA  250117P00310000",2024-12-03T15:00:00Z,Sell,10.2,8.2,10,2000,6.5,0,2050,50,1,"	379,381" 
2024-12-02T15:00:00Z,"AMZN  250117P00185000",2024-12-03T15:00:00Z,Sell,1.14,0.85,17,493,22.1,0,518.5,25.5,1,"	377,384" 
2024-12-02T15:00:00Z,"TSLA  250103P00310000",2024-12-05T15:00:00Z,Sell,7.1,4.35,8,2200,10.4,0,2260,60,1,"	380,392" 
2024-12-03T15:00:00Z,"META  250103P00535000",2025-01-04T05:00:00Z,Sell,2.05,0,17,3485,11.05,-450.5,3485,2966.5,1,"	386,421" 
2024-12-04T15:00:00Z,"META  250110P00555000",2024-12-19T15:00:00Z,Sell,3.4,6.35,14,-4130,22.1,-4130,2968,7098,0,"	391,405" 
2024-12-04T15:00:00Z,"META  250110P00555000",2024-12-23T15:00:00Z,Sell,3.4,6.9,6,-2100,5.85,-2100,1272,3372,0,"	391,409" 
2024-12-05T15:00:00Z,"META  250110P00555000",2024-12-23T15:00:00Z,Sell,3,6.9,3,-1170,9.75,-1170,516,1686,0,"	393,409" 
2024-12-05T15:00:00Z,"META  250110P00555000",2025-01-11T05:00:00Z,Sell,3,0,12,3600,0,-4680,3600,6744,1,"	393,427" 
2024-12-06T15:00:00Z,"TSLA  250110P00335000",2024-12-26T15:00:00Z,Sell,10,1.01,18,16182,23.4,0,16236,3393,1,"	395,412" 
2024-12-09T15:00:00Z,"TSLA  250110P00350000",2024-12-27T15:00:00Z,Sell,10.65,1.31,17,15878,22.1,-119,15946,4930,1,"	396,415" 
2024-12-10T15:00:00Z,"TSLA  250124P00350000",2024-12-24T15:00:00Z,Sell,13.75,6.1,9,6885,11.7,0,8550,4068,1,"	397,410" 
2024-12-11T15:00:00Z,"TSLA  250117P00360000",2025-01-18T05:00:00Z,Sell,12.45,0,9,11205,5.85,0,11205,5814,1,"	398,438" 
2024-12-12T15:00:00Z,"TSLA  250117P00385000",2024-12-18T15:00:00Z,Sell,14.95,6.7,8,6600,10.4,-1440,6720,1440,1,"	399,403" 
2024-12-13T15:00:00Z,"TSLA  250117P00375000",2024-12-26T15:00:00Z,Sell,12.55,3.8,5,4375,6.5,0,4425,3610,1,"	400,413" 
2024-12-16T15:00:00Z,"TSLA  250117P00395000",2025-01-18T05:00:00Z,Sell,14.8,0,4,5920,2.6,-4696,5920,8116,1,"	401,439" 
2024-12-17T15:00:00Z,"TSLA  250117P00415000",2025-01-13T11:30:00Z,Sell,15.6,0,5,7800,3.25,-12837.5,7800,15387.5,0,"	402,428" 
2024-12-18T15:00:00Z,"TSLA  250124P00435000",2024-12-23T15:00:00Z,Sell,21.4,44.2,5,-11400,6.5,-11400,0,11400,0,"	404,408" 
2024-12-24T15:00:00Z,"GOOGL 250124P00175000",2025-01-25T05:00:00Z,Sell,0.74,0,26,1924,16.9,-520,1924,884,1,"	411,447" 
2024-12-26T15:00:00Z,"GOOGL 250131P00175000",2025-01-21T15:00:00Z,Sell,1.29,0.18,39,4329,50.7,-2535,4368,2691,1,"	414,440" 
2024-12-27T15:00:00Z,"TSLA  250131P00410000",2025-01-02T15:00:00Z,Sell,21.75,36.75,10,-15000,16.25,-15250,0,15250,0,"	416,420" 
2024-12-27T15:00:00Z,"TSLA  250131P00410000",2025-01-29T21:00:00Z,Sell,21.75,0,5,10875,0,-13212.5,10875,13212.5,1,"	416,453" 
2024-12-30T15:00:00Z,"TSLA  250131P00390000",2025-01-07T15:00:00Z,Sell,19.65,20.3,4,-260,5.2,-6100,0,6100,0,"	417,423" 
2025-01-06T15:00:00Z,"NVDA  250207P00131000",2025-01-24T15:00:00Z,Sell,2.62,0.4,35,7770,45.5,-11445,7805,13755,1,"	422,445" 
2025-01-07T15:00:00Z,"NVDA  250207P00136000",2025-01-28T15:00:00Z,Sell,2.33,18.8,41,-67527,53.3,-68019,6150,74169,0,"	424,449" 
2025-01-08T15:00:00Z,"NVDA  250214P00127000",2025-01-23T15:00:00Z,Sell,2.99,0.55,3,732,5.2,-468,735,561,1,"	425,443" 
2025-01-10T15:00:00Z,"NVDA  250214P00127000",2025-01-23T15:00:00Z,Sell,2.68,0.55,2,426,1.3,-374,428,374,1,"	426,443" 
2025-01-13T11:30:00Z,"TSLA",2025-12-22T11:30:00Z,Buy,415,440,500,1250000,0,-9657000,3744000,10318000,1,"	428,873" 
2025-01-16T15:00:00Z,"META  250221P00555000",2025-01-31T15:00:00Z,Sell,9.35,0.56,4,3516,5.2,-280,3544,424,1,"	436,456" 
2025-01-16T15:00:00Z,"TSLA  250221C00465000",2025-02-05T15:00:00Z,Sell,23.35,2.19,5,10580,6.5,-325,10602.5,3337.5,1,"	435,464" 
2025-01-17T15:00:00Z,"META  250221P00550000",2025-01-31T15:00:00Z,Sell,8.85,0.46,1,839,2,0,842,13.5,1,"	437,455" 
2025-01-21T15:00:00Z,"GOOGL 250221P00175000",2025-02-07T15:00:00Z,Sell,1.24,0.25,29,2871,37.7,-2407,2929,3349.5,1,"	441,469" 
2025-01-22T15:00:00Z,"GOOGL 250228P00180000",2025-02-10T15:00:00Z,Sell,1.39,2.36,17,-1649,28.6,-3417,1147.5,3655,0,"	442,472" 
2025-01-22T15:00:00Z,"GOOGL 250228P00180000",2025-02-24T15:00:00Z,Sell,1.39,2.82,10,-1430,13,-2010,675,2150,0,"	442,491" 
2025-01-23T15:00:00Z,"GOOGL 250228P00180000",2025-02-24T15:00:00Z,Sell,1.25,2.82,10,-1570,17.55,-2150,535,2150,0,"	444,491" 
2025-01-23T15:00:00Z,"GOOGL 250228P00180000",2025-02-27T21:00:00Z,Sell,1.25,0,17,2125,0,-17816,2125,18725.5,0,"	444,495" 
2025-01-24T15:00:00Z,"NVDA  250228P00134000",2025-01-28T15:00:00Z,Sell,3.15,21.85,34,-63580,44.2,-63580,0,63580,0,"	446,450" 
2025-01-27T15:00:00Z,"NVDA  250228P00130000",2025-01-28T15:00:00Z,Sell,3.25,16.8,26,-35230,33.8,-35490,0,35490,0,"	448,451" 
2025-01-29T15:00:00Z,"META  250307P00610000",2025-02-06T15:00:00Z,Sell,10.45,2.27,4,3272,5.2,-240,3388,240,1,"	452,467" 
2025-01-29T21:00:00Z,"TSLA",2025-12-22T11:30:00Z,Buy,410,440,500,1500000,0,-9407000,3994000,9407000,1,"	453,873" 
2025-01-30T15:00:00Z,"TSLA  250307C00415000",2025-02-03T15:00:00Z,Sell,21.2,23.25,5,-1025,6.5,-1025,0,1025,0,"	454,458" 
2025-01-31T15:00:00Z,"GOOGL 250307P00180000",2025-02-28T15:00:00Z,Sell,1.62,12.3,17,-18156,26,-18156,918,19074,0,"	457,498" 
2025-02-03T15:00:00Z,"TSLA  250321C00445000",2025-02-04T15:00:00Z,Sell,18.5,12.2,5,3150,6.5,0,3195,45,1,"	459,461" 
2025-02-03T15:00:00Z,"GOOGL 250307P00185000",2025-02-24T15:00:00Z,Sell,1.75,6.9,14,-7210,18.2,-7210,245,7455,0,"	460,490" 
2025-02-04T15:00:00Z,"TSLA  250307C00410000",2025-02-20T15:00:00Z,Sell,15.8,2.75,5,6525,6.5,-1050,6800,1050,1,"	462,486" 
2025-02-04T15:00:00Z,"GOOGL 250307P00180000",2025-02-28T15:00:00Z,Sell,1.69,12.3,6,-6366,3.9,-6366,366,6732,0,"	463,498" 
2025-02-05T15:00:00Z,"TSLA  250314C00430000",2025-02-20T15:00:00Z,Sell,14.15,2.68,5,5735,6.5,0,6035,895,1,"	465,485" 
2025-02-05T15:00:00Z,"AMZN  250314P00215000",2025-02-28T15:00:00Z,Sell,2.28,9.1,7,-4774,11.7,-4788,630,5418,0,"	466,499" 
2025-02-07T15:00:00Z,"AMZN  250314P00215000",2025-02-28T15:00:00Z,Sell,2.37,9.1,4,-2692,2.6,-2700,396,3096,0,"	470,499" 
2025-02-11T15:00:00Z,"AAPL  250328P00205000",2025-03-29T04:00:00Z,Sell,0.97,0,2,194,1.3,-676,194,811,1,"	473,530" 
2025-02-14T15:00:00Z,"AAPL  250321P00220000",2025-03-22T04:00:00Z,Sell,0.97,0,2,194,1.3,-2082,194,2172,0,"	480,521" 
2025-02-18T15:00:00Z,"NVDA  250321P00126000",2025-03-11T14:00:00Z,Sell,4.3,19.85,1,-1555,2,-1555,95,1650,0,"	481,509" 
2025-02-20T15:00:00Z,"NVDA  250328P00126000",2025-03-11T14:00:00Z,Sell,4.05,20.1,1,-1605,2,-1605,27.5,1632.5,0,"	487,508" 
2025-02-25T15:00:00Z,"AAPL  250328P00220000",2025-03-11T14:00:00Z,Sell,0.87,4.65,5,-1890,6.5,-1890,0,1890,0,"	492,507" 
2025-02-26T15:00:00Z,"AAPL  250404P00220000",2025-04-03T20:00:00Z,Sell,0.9,0,1,90,1,-1620,90,1620,0,"	493,535" 
2025-02-27T21:00:00Z,"GOOGL",2025-09-22T04:00:00Z,Buy,180,220,1700,6800000,0,-6001000,12702400,6001000,1,"	495,748" 
2025-03-04T15:00:00Z,"MSFT  250411P00350000",2025-03-11T14:00:00Z,Sell,2.15,5.7,2,-710,2.6,-710,130,840,0,"	501,511" 
2025-03-04T15:00:00Z,"GOOGL 250404C00180000",2025-03-19T14:00:00Z,Sell,1.75,0.27,17,2516,22.1,-2975,2533,2975,1,"	500,517" 
2025-03-05T15:00:00Z,"MSFT  250411P00355000",2025-03-11T14:00:00Z,Sell,3.2,6.65,1,-345,2.3,-345,128,473,0,"	502,510" 
2025-03-06T15:00:00Z,"MSFT  250411P00360000",2025-04-04T14:00:00Z,Sell,2.04,3.55,1,-151,2,-503.5,146,503.5,0,"	503,543" 
2025-03-07T15:00:00Z,"MSFT  250411P00355000",2025-03-11T14:00:00Z,Sell,2.58,6.65,1,-407,1,-407,66,407,0,"	504,510" 
2025-03-10T14:00:00Z,"AAPL  250411P00215000",2025-04-04T14:00:00Z,Sell,1.71,13.35,1,-1164,2,-1164,29,1193,0,"	505,540" 
2025-03-12T14:00:00Z,"AAPL  250425P00200000",2025-04-04T14:00:00Z,Sell,2.82,6.5,1,-368,2,-368,205,573,0,"	512,542" 
2025-03-13T14:00:00Z,"AMZN  250417P00180000",2025-04-04T14:00:00Z,Sell,2.55,7.1,1,-455,2.3,-470,209,679,0,"	513,541" 
2025-03-17T14:00:00Z,"AMZN  250417P00180000",2025-04-04T14:00:00Z,Sell,2.14,7.1,1,-496,1,-511,168,679,0,"	515,541" 
2025-03-20T14:00:00Z,"AMZN  250425P00175000",2025-03-26T14:00:00Z,Sell,1.17,0.54,1,63,2,-59.5,71,59.5,1,"	519,526" 
2025-03-22T04:00:00Z,"AAPL",2025-09-08T04:00:00Z,Buy,220,220,200,0,0,-951600,395600,1029400,0,"	521,722" 
2025-03-25T14:00:00Z,"NVDA  250425P00110000",2025-04-04T14:00:00Z,Sell,1.69,11,4,-3724,5.2,-3724,0,3724,0,"	525,538" 
2025-03-25T14:00:00Z,"AAPL  250425C00245000",2025-04-15T14:00:00Z,Sell,0.33,0.07,2,52,2.3,-37,54,40,1,"	524,556" 
2025-03-26T14:00:00Z,"TSLA  250502P00260000",2025-04-04T14:00:00Z,Sell,13.1,20.05,2,-1390,2.6,-2000,0,2000,0,"	527,539" 
2025-04-03T20:00:00Z,"AAPL",2025-09-08T04:00:00Z,Buy,220,220,100,0,0,-475800,197800,475800,0,"	535,722" 
2025-04-10T14:00:00Z,"NVDA  250516P00105000",2025-04-22T14:00:00Z,Sell,3.9,10.85,3,-2085,3.9,-2085,67.5,2152.5,0,"	553,562" 
2025-04-25T14:00:00Z,"AAPL  250530C00220000",2025-05-06T14:00:00Z,Sell,4.15,0.84,3,993,3.9,-279,1002,309,1,"	566,574" 
2025-04-25T14:00:00Z,"TSLA  250530P00235000",2025-05-14T14:00:00Z,Sell,10.2,0.44,1,976,2,0,981,90,1,"	567,587" 
2025-04-28T14:00:00Z,"TSLA  250530P00260000",2025-05-14T14:00:00Z,Sell,11.25,0.86,1,1039,2.3,0,1040.5,217.5,1,"	568,586" 
2025-04-29T14:00:00Z,"TSLA  250530P00260000",2025-05-14T14:00:00Z,Sell,10.55,0.86,1,969,1,-70,970.5,217.5,1,"	569,586" 
2025-04-30T14:00:00Z,"TSLA  250606P00265000",2025-05-12T14:00:00Z,Sell,11.95,7.05,1,490,2,-358,497.5,358,1,"	570,579" 
2025-05-05T14:00:00Z,"TSLA  250606P00260000",2025-05-13T14:00:00Z,Sell,9.9,2.61,1,729,2,-240,732,240,1,"	573,583" 
2025-05-12T14:00:00Z,"TSLA  250627P00270000",2025-05-13T14:00:00Z,Sell,13.4,7.8,1,560,2,0,567.5,7.5,1,"	580,582" 
2025-05-12T14:00:00Z,"TSLA  250613P00270000",2025-05-29T14:00:00Z,Sell,10.2,0.97,1,923,2,0,932,65,1,"	581,604" 
2025-05-13T14:00:00Z,"AAPL  250613C00230000",2025-05-29T14:00:00Z,Sell,0.96,0.18,3,234,3.9,-123,237,123,1,"	584,602" 
2025-05-13T14:00:00Z,"TSLA  250613P00285000",2025-06-14T04:00:00Z,Sell,8.4,0,2,1680,1.3,-1420,1680,2954,1,"	585,625" 
2025-05-14T14:00:00Z,"TSLA  250620P00300000",2025-05-23T14:00:00Z,Sell,10.4,7.3,3,930,3.9,0,1065,667.5,1,"	588,594" 
2025-05-15T14:00:00Z,"META  250620P00595000",2025-06-04T14:00:00Z,Sell,5.4,1.46,1,394,2,-465,398,465,1,"	589,614" 
2025-05-19T14:00:00Z,"META  250620P00575000",2025-06-05T14:00:00Z,Sell,4.6,0.56,1,404,2,-152.5,409,182.5,1,"	590,617" 
2025-05-20T14:00:00Z,"TSLA  250620P00310000",2025-05-27T14:00:00Z,Sell,10.1,10,2,20,2.6,-380,105,485,1,"	591,597" 
2025-05-21T14:00:00Z,"TSLA  250627P00310000",2025-05-28T14:00:00Z,Sell,11.45,7.25,1,420,2.3,-282.5,427.5,282.5,1,"	592,600" 
2025-05-23T14:00:00Z,"TSLA  250627P00310000",2025-05-28T14:00:00Z,Sell,11.9,7.25,1,465,1,-237.5,472.5,35,1,"	596,600" 
2025-05-23T14:00:00Z,"GOOGL 250627C00180000",2025-06-28T04:00:00Z,Sell,3.3,0,17,5610,11.05,-561,5610,4624,1,"	595,638" 
2025-05-27T14:00:00Z,"TSLA  250627P00305000",2025-05-28T14:00:00Z,Sell,10.6,6.3,1,430,2,0,437.5,7.5,1,"	598,599" 
2025-05-28T14:00:00Z,"TSLA  250703P00325000",2025-05-29T14:00:00Z,Sell,13.25,15,4,-700,5.2,-700,56,756,0,"	601,603" 
2025-05-29T14:00:00Z,"TSLA  250703P00320000",2025-05-30T14:00:00Z,Sell,11.75,11.7,4,20,5.2,0,60,40,1,"	605,606" 
2025-05-30T14:00:00Z,"TSLA  250703P00325000",2025-06-02T14:00:00Z,Sell,13.05,16.15,4,-1240,5.2,-1240,0,1240,0,"	607,608" 
2025-06-02T14:00:00Z,"TSLA  250718P00310000",2025-06-03T14:00:00Z,Sell,14.55,14.25,4,120,5.2,0,156,36,1,"	609,611" 
2025-06-02T14:00:00Z,"TSLA  250703P00315000",2025-06-04T14:00:00Z,Sell,12.2,11.25,2,190,2.6,0,205,15,1,"	610,615" 
2025-06-03T14:00:00Z,"AAPL  250711C00220000",2025-06-18T14:00:00Z,Sell,1.58,0.3,3,384,3.9,-66,387,135,1,"	612,628" 
2025-06-03T14:00:00Z,"NVDA  250711P00124000",2025-06-25T14:00:00Z,Sell,0.79,0.23,7,392,9.1,-535.5,399,535.5,1,"	613,632" 
2025-06-04T14:00:00Z,"NVDA  250711P00128000",2025-06-26T14:00:00Z,Sell,1.95,0.21,8,1392,14.3,-236,1396,448,1,"	616,634" 
2025-06-05T14:00:00Z,"NVDA  250711P00128000",2025-06-26T14:00:00Z,Sell,1.77,0.21,6,936,3.9,-285,939,336,1,"	618,634" 
2025-06-10T14:00:00Z,"GOOGL 250711P00160000",2025-07-01T14:00:00Z,Sell,0.99,0.2,2,158,2.6,-194,165,246,1,"	621,645" 
2025-06-11T14:00:00Z,"GOOGL 250718P00160000",2025-06-30T14:00:00Z,Sell,1.08,0.38,4,280,7.15,-588,292,600,1,"	622,641" 
2025-06-12T14:00:00Z,"GOOGL 250718P00160000",2025-06-30T14:00:00Z,Sell,1.19,0.38,2,162,1.3,-272,168,300,1,"	623,641" 
2025-06-13T14:00:00Z,"GOOGL 250718P00160000",2025-06-30T14:00:00Z,Sell,1.27,0.38,1,89,1,-128,92,150,1,"	624,641" 
2025-06-16T14:00:00Z,"NVDA  250718P00130000",2025-06-30T14:00:00Z,Sell,2.37,0.37,2,400,4.55,0,402,44,1,"	626,639" 
2025-06-17T14:00:00Z,"NVDA  250718P00130000",2025-06-30T14:00:00Z,Sell,1.48,0.37,3,333,1.95,-267,336,66,1,"	627,639" 
2025-06-18T14:00:00Z,"NVDA  250725P00130000",2025-07-09T14:00:00Z,Sell,2.09,0.23,1,186,2,0,186.5,15,1,"	629,653" 
2025-06-20T14:00:00Z,"META  250725P00625000",2025-07-01T14:00:00Z,Sell,5.3,1.05,1,425,2,-155,435,155,1,"	630,644" 
2025-06-25T14:00:00Z,"META  250801P00640000",2025-08-02T04:00:00Z,Sell,9.65,0,1,965,1,-45,965,254,1,"	633,680" 
2025-06-26T14:00:00Z,"NVDA  250801P00139000",2025-07-03T14:00:00Z,Sell,1.94,1.34,4,240,7.8,0,246,228,1,"	636,647" 
2025-06-26T14:00:00Z,"AAPL  250801C00220000",2025-08-02T04:00:00Z,Sell,1.39,0,3,417,1.95,-835.5,417,856.5,1,"	635,679" 
2025-06-27T14:00:00Z,"NVDA  250801P00139000",2025-07-03T14:00:00Z,Sell,1.78,1.34,4,176,2.6,-64,182,228,1,"	637,647" 
2025-06-30T14:00:00Z,"NVDA  250801P00142000",2025-07-07T14:00:00Z,Sell,2.02,1.35,3,201,3.9,-147,205.5,204,1,"	643,648" 
2025-06-30T14:00:00Z,"NVDA  250815P00140000",2025-07-08T14:00:00Z,Sell,2.6,1.99,5,305,6.5,-275,337.5,370,1,"	640,651" 
2025-06-30T14:00:00Z,"GOOGL 250815P00160000",2025-07-25T14:00:00Z,Sell,2.15,0.29,7,1302,9.1,-423.5,1309,469,1,"	642,669" 
2025-07-01T14:00:00Z,"META  250801P00665000",2025-08-02T04:00:00Z,Sell,8.75,0,1,875,1,-397.5,875,645,1,"	646,681" 
2025-07-07T14:00:00Z,"GOOGL 250808P00160000",2025-07-24T14:00:00Z,Sell,1.55,0.3,5,625,7.8,-360,640,360,1,"	650,665" 
2025-07-07T14:00:00Z,"GOOGL 250808C00195000",2025-07-24T14:00:00Z,Sell,2.68,5.2,17,-4284,22.1,-5100,1989,7089,0,"	649,666" 
2025-07-08T14:00:00Z,"GOOGL 250808P00160000",2025-07-24T14:00:00Z,Sell,1.87,0.3,2,314,1.3,-80,320,80,1,"	652,665" 
2025-07-09T14:00:00Z,"GOOGL 250815P00155000",2025-07-25T14:00:00Z,Sell,1.62,0.22,2,280,2.6,0,284,4,1,"	654,668" 
2025-07-10T14:00:00Z,"NVDA  250815P00145000",2025-07-29T14:00:00Z,Sell,1.9,0.24,2,332,6.5,0,334,36,1,"	655,673" 
2025-07-11T14:00:00Z,"NVDA  250815P00145000",2025-07-29T14:00:00Z,Sell,1.74,0.24,3,450,1.95,-48,453,54,1,"	656,673" 
2025-07-14T14:00:00Z,"NVDA  250815P00150000",2025-07-30T14:00:00Z,Sell,2.3,0.42,3,564,3.9,0,592.5,97.5,1,"	657,675" 
2025-07-15T14:00:00Z,"NVDA  250815P00145000",2025-07-29T14:00:00Z,Sell,1.42,0.24,3,354,1.95,-144,357,54,1,"	658,673" 
2025-07-16T14:00:00Z,"NVDA  250822P00155000",2025-07-29T14:00:00Z,Sell,2.43,0.77,2,332,5.85,-8,334,136,1,"	659,672" 
2025-07-17T14:00:00Z,"NVDA  250822P00155000",2025-07-29T14:00:00Z,Sell,2.24,0.77,2,294,1.3,-46,296,136,1,"	660,672" 
2025-07-18T14:00:00Z,"NVDA  250822P00155000",2025-07-29T14:00:00Z,Sell,1.88,0.77,1,111,1,-59,112,68,1,"	661,672" 
2025-07-21T14:00:00Z,"NVDA  250822P00155000",2025-07-29T14:00:00Z,Sell,1.84,0.77,2,214,1.3,-126,216,136,1,"	662,672" 
2025-07-22T14:00:00Z,"AMZN  250822P00205000",2025-08-15T14:00:00Z,Sell,1.48,0.08,1,140,2,-94,140.5,156.5,1,"	663,693" 
2025-07-23T14:00:00Z,"AMZN  250829P00205000",2025-08-13T14:00:00Z,Sell,1.91,0.57,1,134,2.95,-121.5,139,205.5,1,"	664,690" 
2025-07-24T14:00:00Z,"AMZN  250829P00205000",2025-08-13T14:00:00Z,Sell,1.65,0.57,2,216,1.3,-295,226,411,1,"	667,690" 
2025-07-25T14:00:00Z,"AMZN  250829P00210000",2025-08-18T14:00:00Z,Sell,1.95,0.28,3,501,3.9,-900,504,988.5,1,"	670,695" 
2025-07-28T14:00:00Z,"TSLA  250829P00285000",2025-08-12T14:00:00Z,Sell,5.7,1.07,2,926,2.6,-615,930,1005,1,"	671,688" 
2025-07-29T14:00:00Z,"TSLA  250829P00295000",2025-08-30T04:00:00Z,Sell,5.65,0,4,2260,2.6,-2700,2260,2700,1,"	674,712" 
2025-07-30T14:00:00Z,"TSLA  250905P00290000",2025-08-27T14:00:00Z,Sell,6.45,0.41,2,1208,2.6,-1085,1210,1085,1,"	676,708" 
2025-07-31T14:00:00Z,"NVDA  250905P00160000",2025-09-06T04:00:00Z,Sell,2.58,0,3,774,1.95,-561,774,561,1,"	677,721" 
2025-08-01T14:00:00Z,"NVDA  250905P00160000",2025-09-06T04:00:00Z,Sell,3.05,0,1,305,1,-140,305,140,1,"	678,721" 
2025-08-05T14:00:00Z,"AAPL  250912C00220000",2025-09-08T04:00:00Z,Sell,1.59,0,3,477,1.95,-5610,477,5652,0,"	684,722" 
2025-08-07T14:00:00Z,"META  250912P00700000",2025-09-13T04:00:00Z,Sell,5.2,0,1,520,1,-210,520,503,1,"	686,733" 
2025-08-11T14:00:00Z,"AAPL  250912P00210000",2025-09-13T04:00:00Z,Sell,1.52,0,4,608,2.6,-84,608,198,1,"	687,732" 
2025-08-12T14:00:00Z,"AAPL  250926P00205000",2025-09-04T14:00:00Z,Sell,1.15,0.37,4,312,5.2,-160,332,268,1,"	689,717" 
2025-08-13T14:00:00Z,"AAPL  250919P00210000",2025-09-10T14:00:00Z,Sell,1.53,0.16,5,685,6.5,-110,695,335,1,"	691,728" 
2025-08-14T14:00:00Z,"TSLA  250919P00305000",2025-08-19T14:00:00Z,Sell,6.1,5.55,2,110,3.9,-260,125,260,1,"	692,697" 
2025-08-15T14:00:00Z,"TSLA  250919P00305000",2025-08-19T14:00:00Z,Sell,6.45,5.55,2,180,1.3,-190,195,190,1,"	694,697" 
2025-08-18T14:00:00Z,"TSLA  250919P00300000",2025-08-19T14:00:00Z,Sell,6.15,4.55,1,160,2,0,170,10,1,"	696,698" 
2025-08-19T14:00:00Z,"TSLA  250919P00305000",2025-08-26T14:00:00Z,Sell,5.4,3.4,3,600,3.9,-1192.5,624,1192.5,1,"	699,706" 
2025-08-20T14:00:00Z,"TSLA  250926P00300000",2025-08-25T14:00:00Z,Sell,7.05,4.95,1,210,2,-232.5,217.5,232.5,1,"	701,704" 
2025-08-20T14:00:00Z,"GOOGL 250926C00220000",2025-09-22T04:00:00Z,Sell,1.85,0,17,3145,11.05,-56899,3145,57706.5,0,"	700,748" 
2025-08-25T14:00:00Z,"GOOGL 250926P00185000",2025-09-04T14:00:00Z,Sell,1.4,0.22,4,472,5.2,0,488,52,1,"	705,716" 
2025-08-26T14:00:00Z,"GOOGL 250926P00190000",2025-09-04T14:00:00Z,Sell,1.76,0.32,5,720,6.5,-100,745,100,1,"	707,715" 
2025-08-27T14:00:00Z,"TSLA  251003P00320000",2025-09-24T14:00:00Z,Sell,8.6,0.4,3,2460,3.9,-1365,2466,1365,1,"	709,757" 
2025-08-28T14:00:00Z,"TSLA  251003P00315000",2025-09-15T14:00:00Z,Sell,7.35,1.48,2,1174,3.25,-800,1180,810,1,"	710,734" 
2025-08-29T14:00:00Z,"TSLA  251003P00315000",2025-09-15T14:00:00Z,Sell,7.3,1.48,1,582,1,-405,585,405,1,"	711,734" 
2025-09-02T14:00:00Z,"AAPL  251003P00210000",2025-09-05T14:00:00Z,Sell,1.12,0.55,1,57,2,-31,58,31,1,"	713,719" 
2025-09-04T14:00:00Z,"AAPL  251010P00215000",2025-09-08T14:00:00Z,Sell,1.14,0.92,3,66,5.85,0,78,12,1,"	718,723" 
2025-09-05T14:00:00Z,"AAPL  251010P00215000",2025-09-08T14:00:00Z,Sell,0.94,0.92,3,6,1.95,-60,18,12,1,"	720,723" 
2025-09-08T14:00:00Z,"AAPL  251024P00215000",2025-09-09T14:00:00Z,Sell,0.92,1.48,6,-336,7.8,-336,0,336,0,"	724,726" 
2025-09-08T14:00:00Z,"TSLA  251010P00320000",2025-09-17T14:00:00Z,Sell,7.7,1.45,6,3750,7.8,-225,3762,225,1,"	725,742" 
2025-09-09T14:00:00Z,"TSLA  251010P00310000",2025-09-16T14:00:00Z,Sell,5.65,1.38,4,1708,5.2,0,1720,110,1,"	727,739" 
2025-09-10T14:00:00Z,"TSLA  251017P00310000",2025-09-15T14:00:00Z,Sell,6.35,2.53,4,1528,5.2,0,1536,10,1,"	729,736" 
2025-09-11T14:00:00Z,"TSLA  251017P00315000",2025-09-26T14:00:00Z,Sell,7.3,1.27,2,1206,2.6,0,1274,68,1,"	730,763" 
2025-09-12T14:00:00Z,"GOOGL 251017P00215000",2025-10-18T04:00:00Z,Sell,1.23,0,7,861,4.55,0,861,108.5,1,"	731,784" 
2025-09-15T14:00:00Z,"TSLA  251031P00355000",2025-09-17T14:00:00Z,Sell,14.85,9.55,3,1590,6.5,0,1623,33,1,"	735,741" 
2025-09-15T14:00:00Z,"TSLA  251031P00355000",2025-09-17T14:00:00Z,Sell,14.85,9.55,4,2120,2.6,0,2164,44,1,"	737,741" 
2025-09-15T14:00:00Z,"GOOGL 251017P00215000",2025-10-18T04:00:00Z,Sell,1.2,0,7,840,4.55,-21,840,108.5,1,"	738,784" 
2025-09-16T14:00:00Z,"GOOGL 251017P00225000",2025-10-08T14:00:00Z,Sell,1.6,0.5,7,770,9.1,-21,826,252,1,"	740,773" 
2025-09-17T14:00:00Z,"TSLA  251024P00380000",2025-09-18T14:00:00Z,Sell,14.1,13.1,6,600,7.8,0,720,120,1,"	743,744" 
2025-09-18T14:00:00Z,"TSLA  251024P00385000",2025-09-19T14:00:00Z,Sell,14.45,16.6,7,-1505,9.1,-1505,0,1505,0,"	745,746" 
2025-09-19T14:00:00Z,"TSLA  251024P00375000",2025-09-22T14:00:00Z,Sell,13.15,10.55,6,1560,7.8,0,1668,108,1,"	747,749" 
2025-09-22T14:00:00Z,"TSLA  251024P00385000",2025-09-23T14:00:00Z,Sell,13.15,11.2,22,4290,28.6,0,4455,165,1,"	751,752" 
2025-09-22T14:00:00Z,"TSLA  251024C00460000",2025-09-23T14:00:00Z,Sell,19.85,22.85,10,-3000,13,-3200,0,3200,0,"	750,753" 
2025-09-23T14:00:00Z,"TSLA  251024C00470000",2025-09-24T14:00:00Z,Sell,19.65,16.3,10,3350,13,0,3600,250,1,"	754,756" 
2025-09-23T14:00:00Z,"GOOGL 251024P00225000",2025-10-07T14:00:00Z,Sell,1.43,1.07,38,1368,49.4,-2736,1501,2736,1,"	755,771" 
2025-09-24T14:00:00Z,"TSLA  251031C00460000",2025-09-25T14:00:00Z,Sell,21.2,28.35,10,-7150,13,-7150,0,7150,0,"	758,760" 
2025-09-24T14:00:00Z,"GOOGL 251031P00225000",2025-10-13T14:00:00Z,Sell,2.7,5.3,29,-7540,37.7,-7540,1073,8613,0,"	759,779" 
2025-09-25T14:00:00Z,"GOOGL 251031P00220000",2025-11-01T04:00:00Z,Sell,2.35,0,18,4230,11.7,-2736,4230,3708,1,"	762,807" 
2025-09-25T14:00:00Z,"TSLA  251031C00480000",2025-11-01T04:00:00Z,Sell,21.6,0,10,21600,6.5,-3920,21600,10920,1,"	761,808" 
2025-09-26T14:00:00Z,"AAPL  251031P00230000",2025-10-22T14:00:00Z,Sell,1.33,0.22,11,1221,20.8,-1496,1232,2200,1,"	764,788" 
2025-09-29T14:00:00Z,"AAPL  251031P00230000",2025-10-22T14:00:00Z,Sell,1.3,0.22,10,1080,6.5,-1390,1090,2000,1,"	765,788" 
2025-09-30T14:00:00Z,"AAPL  251031P00225000",2025-11-01T04:00:00Z,Sell,0.86,0,4,344,2.6,-388,344,540,1,"	766,806" 
2025-10-01T14:00:00Z,"TSLA  251107P00400000",2025-10-29T14:00:00Z,Sell,15.4,2.17,1,1323,2,-615,1325,957.5,1,"	767,798" 
2025-10-02T14:00:00Z,"TSLA  251107P00415000",2025-10-28T14:00:00Z,Sell,16.1,4.8,2,2260,2.6,-2540,2270,2540,1,"	768,795" 
2025-10-03T14:00:00Z,"TSLA  251107P00395000",2025-10-24T14:00:00Z,Sell,15.05,3.45,2,2320,2.6,-894,2330,1709,1,"	769,791" 
2025-10-06T14:00:00Z,"TSLA  251107P00390000",2025-10-29T14:00:00Z,Sell,14.55,1.54,1,1301,2,-306,1303,776,1,"	770,797" 
2025-10-07T14:00:00Z,"TSLA  251107P00410000",2025-10-13T14:00:00Z,Sell,14.95,26.35,10,-11400,13,-11400,0,11400,0,"	772,778" 
2025-10-08T14:00:00Z,"TSLA  251114P00390000",2025-10-28T14:00:00Z,Sell,15.1,3.4,4,4680,5.2,-1850,4704,3000,1,"	774,794" 
2025-10-09T14:00:00Z,"TSLA  251114P00395000",2025-11-13T15:00:00Z,Sell,13.9,0.21,4,5476,5.85,-3440,5480,3580,1,"	775,821" 
2025-10-10T14:00:00Z,"TSLA  251114P00395000",2025-11-13T15:00:00Z,Sell,13.55,0.21,1,1334,1,-895,1335,895,1,"	776,821" 
2025-10-14T14:00:00Z,"NVDA  251114P00170000",2025-10-31T14:00:00Z,Sell,3.15,0.56,24,6216,31.2,-4920,6240,4920,1,"	780,803" 
2025-10-15T14:00:00Z,"NVDA  251121P00165000",2025-10-30T14:00:00Z,Sell,5.5,0.99,11,4961,14.3,0,4988.5,181.5,1,"	781,800" 
2025-10-16T14:00:00Z,"GOOGL 251121P00225000",2025-10-30T14:00:00Z,Sell,3.55,0.76,8,2232,13,-280,2272,584,1,"	782,801" 
2025-10-17T14:00:00Z,"GOOGL 251121P00225000",2025-10-30T14:00:00Z,Sell,3.85,0.76,4,1236,2.6,-20,1256,292,1,"	783,801" 
2025-10-20T14:00:00Z,"GOOGL 251121P00230000",2025-10-31T14:00:00Z,Sell,4.2,0.52,11,4048,14.3,-27.5,4147,1072.5,1,"	785,804" 
2025-10-21T14:00:00Z,"AAPL  251121P00235000",2025-10-22T14:00:00Z,Sell,1.45,1.26,12,228,15.6,0,276,48,1,"	786,787" 
2025-10-22T14:00:00Z,"AAPL  251128P00235000",2025-11-06T15:00:00Z,Sell,1.44,0.28,14,1624,24.7,-784,1638,784,1,"	789,815" 
2025-10-23T14:00:00Z,"AAPL  251128P00235000",2025-11-06T15:00:00Z,Sell,1.96,0.28,10,1680,6.5,-40,1690,80,1,"	790,815" 
2025-10-24T14:00:00Z,"META  251128P00660000",2025-11-24T11:30:00Z,Sell,9.55,0,4,3820,2.6,-25460,3820,27020,0,"	792,834" 
2025-10-27T14:00:00Z,"META  251128P00665000",2025-11-24T11:30:00Z,Sell,9.1,0,4,3640,2.6,-27416,3640,28648,0,"	793,835" 
2025-10-28T14:01:00Z,"META  251128P00675000",2025-11-19T14:31:00Z,Sell,6.75,86.1,5,-39675,6.5,-41475,0,41475,0,"	796,829" 
2025-10-29T14:00:00Z,"MSFT  251205P00485000",2025-11-24T14:31:00Z,Sell,2.44,16.55,6,-8466,11.7,-8466,72,8538,0,"	799,836" 
2025-10-30T14:00:00Z,"MSFT  251205P00485000",2025-11-24T14:31:00Z,Sell,2.32,16.55,6,-8538,3.9,-8538,0,8538,0,"	802,836" 
2025-10-31T14:00:00Z,"MSFT  251205P00470000",2025-12-06T05:00:00Z,Sell,1.48,0,1,148,1,-717,148,738.5,1,"	805,856" 
2025-11-03T15:00:00Z,"TSLA  251205C00500000",2025-11-04T15:00:00Z,Sell,16.15,19.9,10,-3750,13,-3750,0,3750,0,"	809,811" 
2025-11-03T15:00:00Z,"MSFT  251205P00465000",2025-12-06T05:00:00Z,Sell,1.59,0,3,477,1.95,-1560,477,1726.5,1,"	810,855" 
2025-11-04T15:00:00Z,"TSLA  251205C00515000",2025-11-14T15:00:00Z,Sell,15.5,1.79,10,13710,13,-100,13760,4225,1,"	812,823" 
2025-11-04T15:00:00Z,"META  251205P00570000",2025-11-26T15:00:00Z,Sell,4.95,0.55,1,440,2,-600,443,811.5,1,"	813,840" 
2025-11-05T15:00:00Z,"META  251212P00560000",2025-11-28T15:00:00Z,Sell,6.1,0.77,1,533,2,-404,535.5,686,1,"	814,844" 
2025-11-06T15:00:00Z,"META  251212P00570000",2025-12-13T05:00:00Z,Sell,5.7,0,2,1140,1.3,-1584,1140,1824,1,"	816,861" 
2025-11-12T15:00:00Z,"NVDA  251219P00173000",2025-12-20T05:00:00Z,Sell,4.2,0,4,1680,2.6,-1350,1680,1490,1,"	820,871" 
2025-11-13T15:00:00Z,"NVDA  251219P00174000",2025-12-20T05:00:00Z,Sell,4.05,0,1,405,1,-390,405,390,1,"	822,872" 
2025-11-19T15:00:00Z,"AAPL  251226P00240000",2025-12-01T15:00:00Z,Sell,1.35,0.26,1,109,2,-40,110.5,56.5,1,"	831,846" 
2025-11-19T15:00:00Z,"TSLA  251226C00440000",2025-12-22T11:30:00Z,Sell,13.7,0,10,13700,6.5,-38820,13700,43070,0,"	830,873" 
2025-11-24T15:00:00Z,"AMZN  251226P00200000",2025-12-03T15:00:00Z,Sell,2.62,0.47,1,215,2,-4,219,4,1,"	837,852" 
2025-11-25T15:00:00Z,"META  251226P00550000",2025-11-26T15:00:00Z,Sell,4.15,2.08,1,207,2,-2.5,211.5,4.5,1,"	839,841" 
2025-11-25T15:00:00Z,"META  251226C00655000",2025-12-03T15:00:00Z,Sell,8.8,15.45,8,-5320,10.4,-6920,0,6920,0,"	838,853" 
2025-11-26T15:00:00Z,"META  260102P00570000",2025-11-28T15:00:00Z,Sell,4.45,4.3,2,30,2.6,-30,74,44,1,"	842,843" 
2025-11-28T15:00:00Z,"META  260102P00570000",2025-12-01T15:00:00Z,Sell,3.9,2.56,3,402,3.9,-60,430.5,60,1,"	845,848" 
2025-12-01T15:00:00Z,"META  260116P00585000",2025-12-02T15:00:00Z,Sell,6.45,7.45,3,-300,3.9,-330,0,330,0,"	849,851" 
2025-12-01T15:00:00Z,"TSLA  260102P00385000",2025-12-22T15:00:00Z,Sell,7.65,0.61,3,2112,3.9,-30,2121,261,1,"	850,874" 
2025-12-05T15:00:00Z,"META  260109C00730000",2025-12-23T15:00:00Z,Sell,4.55,0.96,8,2872,10.4,-1320,2920,1320,1,"	854,876" 
2025-12-10T15:00:00Z,"TSLA  260116P00400000",2025-12-16T15:00:00Z,Sell,8.8,4.2,5,2300,7.8,0,2325,25,1,"	858,863" 
2025-12-11T15:00:00Z,"TSLA  260116P00405000",2025-12-26T15:00:00Z,Sell,8.65,1.61,3,2112,3.9,-165,2118,519,1,"	859,883" 
2025-12-12T15:00:00Z,"TSLA  260116P00400000",2025-12-16T15:00:00Z,Sell,7.6,4.2,2,680,1.3,-240,690,10,1,"	860,863" 
2025-12-15T15:00:00Z,"TSLA  260116P00415000",2025-12-17T15:00:00Z,Sell,9,5,2,800,2.6,0,820,20,1,"	862,865" 
2025-12-17T15:00:00Z,"TSLA  260123P00440000",2025-12-18T15:00:00Z,Sell,10.85,15.9,2,-1010,2.6,-1010,0,1010,0,"	866,867" 
2025-12-18T15:00:00Z,"TSLA  260123P00425000",2025-12-19T15:00:00Z,Sell,11.15,7.9,2,650,2.6,0,780,130,1,"	868,869" 
2025-12-19T15:00:00Z,"TSLA  260123P00435000",2025-12-23T15:00:00Z,Sell,9.8,6.95,3,855,3.9,0,877.5,22.5,1,"	870,877" 
2025-12-23T15:00:00Z,"TSLA  260123P00440000",2025-12-24T15:00:00Z,Sell,7.75,7.2,14,770,18.2,0,875,105,1,"	879,880" 
2025-12-24T15:00:00Z,"TSLA  260130P00440000",2025-12-26T15:00:00Z,Sell,12.05,11.65,15,600,19.5,0,712.5,112.5,1,"	881,882" 
